1;Szymon;Wojcik;1
2;Wojciech;Kowalczyk;2
3;Jan;Nowak;3
4;Jakub;Wisniewski;4
5;Karol;Wisniewski;5
6;Aleksander;Wozniak;6
7;Dawid;Szymanski;7
8;Aleksander;Kaminski;8
9;Kamil;Kowalski;9
10;Aleksander;Wisniewski;10
11;Karol;Wozniak;11
12;Jan;Wozniak;12
13;Kamil;Zielinski;13
14;Michal;Lewandowski;14
15;Franciszek;Wozniak;15
16;Jakub;Wojcik;16
17;Franciszek;Wojcik;17
18;Szymon;Kowalczyk;18
19;Jan;Kaminski;19
20;Adam;Wisniewski;20
21;Dawid;Nowak;21
22;Wojciech;Kowalczyk;22
23;Adam;Szymanski;23
24;Kamil;Nowak;24
25;Filip;Wozniak;25
26;Karol;Nowak;26
27;Mikolaj;Nowak;27
28;Franciszek;Szymanski;28
29;Dawid;Zielinski;29
30;Antoni;Zielinski;30
31;Filip;Kowalski;31
32;Jan;Szymanski;32
33;Maciej;Lewandowski;33
34;Kamil;Kowalczyk;34
35;Aleksander;Kowalczyk;35
36;Antoni;Kowalski;36
37;Antoni;Wojcik;37
38;Szymon;Wozniak;38
39;Dawid;Zielinski;39
40;Dawid;Szymanski;40
41;Jan;Kowalczyk;41
42;Konrad;Kaminski;42
43;Dawid;Wisniewski;43
44;Konrad;Lewandowski;44
45;Adam;Kaminski;45
46;Jan;Kowalczyk;46
47;Jakub;Kaminski;47
48;Karol;Szymanski;48
49;Szymon;Kowalski;49
50;Filip;Wisniewski;50
51;Adam;Wisniewski;51
52;Franciszek;Szymanski;52
53;Kamil;Nowak;53
54;Jan;Kaminski;54
55;Adam;Szymanski;55
56;Kamil;Wisniewski;56
57;Karol;Wisniewski;57
58;Wojciech;Kowalski;58
59;Mikolaj;Nowak;59
60;Michal;Kowalski;60
61;Konrad;Wozniak;61
62;Wojciech;Kowalczyk;62
63;Jakub;Lewandowski;63
64;Kamil;Lewandowski;64
65;Mikolaj;Zielinski;65
66;Mikolaj;Lewandowski;66
67;Konrad;Kowalczyk;67
68;Kamil;Kowalski;68
69;Wojciech;Kowalski;69
70;Aleksander;Kaminski;70
71;Michal;Wisniewski;71
72;Kamil;Szymanski;72
73;Adam;Zielinski;73
74;Wojciech;Wozniak;74
75;Maciej;Wozniak;75
76;Kamil;Wozniak;76
77;Michal;Lewandowski;77
78;Jan;Zielinski;78
79;Franciszek;Kowalski;79
80;Michal;Kaminski;80
81;Adam;Wojcik;81
82;Adam;Wisniewski;82
83;Mikolaj;Nowak;83
84;Maciej;Szymanski;84
85;Dawid;Kowalski;85
86;Filip;Kaminski;86
87;Antoni;Szymanski;87
88;Mikolaj;Lewandowski;88
89;Aleksander;Kowalski;89
90;Filip;Kowalski;90
91;Wojciech;Szymanski;91
92;Konrad;Lewandowski;92
93;Michal;Zielinski;93
94;Dawid;Kowalski;94
95;Karol;Nowak;95
96;Karol;Kaminski;96
97;Antoni;Kowalski;97
98;Adam;Wojcik;98
99;Maciej;Wisniewski;99
100;Jakub;Kowalski;100
101;Wojciech;Kowalski;101
102;Franciszek;Wisniewski;102
103;Szymon;Nowak;103
104;Kamil;Zielinski;104
105;Franciszek;Zielinski;105
106;Dawid;Lewandowski;106
107;Szymon;Kowalczyk;107
108;Kamil;Zielinski;108
109;Antoni;Zielinski;109
110;Konrad;Wozniak;110
111;Adam;Nowak;111
112;Karol;Wisniewski;112
113;Antoni;Kowalski;113
114;Szymon;Kowalski;114
115;Antoni;Zielinski;115
116;Jan;Wojcik;116
117;Karol;Szymanski;117
118;Szymon;Lewandowski;118
119;Mikolaj;Nowak;119
120;Szymon;Wisniewski;120
121;Maciej;Nowak;121
122;Aleksander;Kowalczyk;122
123;Aleksander;Wisniewski;123
124;Antoni;Wojcik;124
125;Mikolaj;Lewandowski;125
126;Kamil;Szymanski;126
127;Konrad;Zielinski;127
128;Adam;Szymanski;128
129;Aleksander;Wozniak;129
130;Franciszek;Wojcik;130
131;Adam;Szymanski;131
132;Michal;Nowak;132
133;Karol;Szymanski;133
134;Szymon;Zielinski;134
135;Michal;Nowak;135
136;Maciej;Wisniewski;136
137;Antoni;Szymanski;137
138;Karol;Kaminski;138
139;Mikolaj;Lewandowski;139
140;Dawid;Kowalski;140
141;Franciszek;Wisniewski;141
142;Dawid;Kowalski;142
143;Adam;Kowalski;143
144;Jan;Kowalczyk;144
145;Franciszek;Kaminski;145
146;Szymon;Kaminski;146
147;Antoni;Kowalczyk;147
148;Kamil;Szymanski;148
149;Kamil;Wisniewski;149
150;Jakub;Wisniewski;150
151;Jakub;Kaminski;151
152;Antoni;Nowak;152
153;Mikolaj;Nowak;153
154;Maciej;Kowalczyk;154
155;Jan;Wozniak;155
156;Karol;Lewandowski;156
157;Aleksander;Lewandowski;157
158;Antoni;Szymanski;158
159;Antoni;Wozniak;159
160;Konrad;Kaminski;160
161;Kamil;Lewandowski;161
162;Filip;Wisniewski;162
163;Mikolaj;Wisniewski;163
164;Kamil;Szymanski;164
165;Jakub;Szymanski;165
166;Dawid;Wisniewski;166
167;Szymon;Kowalski;167
168;Szymon;Zielinski;168
169;Wojciech;Szymanski;169
170;Karol;Kowalczyk;170
171;Aleksander;Kowalczyk;171
172;Franciszek;Kowalski;172
173;Michal;Kowalczyk;173
174;Szymon;Lewandowski;174
175;Konrad;Wozniak;175
176;Jakub;Szymanski;176
177;Franciszek;Kaminski;177
178;Szymon;Zielinski;178
179;Michal;Szymanski;179
180;Dawid;Kowalski;180
181;Franciszek;Wisniewski;181
182;Konrad;Wisniewski;182
183;Karol;Zielinski;183
184;Michal;Kowalczyk;184
185;Dawid;Wojcik;185
186;Maciej;Zielinski;186
187;Michal;Kaminski;187
188;Jakub;Kowalczyk;188
189;Maciej;Szymanski;189
190;Wojciech;Kowalski;190
191;Jan;Nowak;191
192;Dawid;Szymanski;192
193;Dawid;Szymanski;193
194;Mikolaj;Kowalczyk;194
195;Dawid;Wozniak;195
196;Dawid;Szymanski;196
197;Konrad;Wisniewski;197
198;Karol;Nowak;198
199;Antoni;Kowalczyk;199
200;Dawid;Kowalski;200
